Name,Count
$fish,20130
Hmmm,17716
kek,17522
pensiveA,14546
!gpt,13563
PauseChamp,10146
$cookie,9907
dankKEK,9704
POGCRAZY,8905
Chatting,8141
SmokeTime,8017
classic,7719
OMEGALOOOOL,7643
LETSGO,7477
peepoWait,6916
mhm,6537
PogU,6234
DinkDonk,5817
donkL,5743
Bedge,5302
Gladge,5282
Thinkge,5216
LEKW,4762
donkGiggles,4606
ICANT,4581
DamnChamp,4451
YEP,4260
daphJR,4230
Sadge,4212
HYPERNODDERS,4133
peepoSit,4077
Susge,4023
TrollDespair,4001
Clueless,3956
lmao,3881
pepeW,3785
NODDERS,3690
peepoPogO,3572
CrungoSmile,3393
Happs,3318
WeirdgaCry,3281
HACKERMANS,3271
REEE,3218
Pause,3188
sobA,3159
Damn,3118
BoneZone,3104
TOOBASED,3044
donkHug,3015
HYPERCLAP,2968
hiii,2966
Madge,2916
peepoTalkbutpeepoisnottalking,2851
Aware,2807
NOOOO,2775
peepoLove,2768
Concerned,2757
pepegeHmm,2741
lek,2711
BLUBBERS,2625
peepoHug,2622
NOTED,2620
NOPERS,2560
peepoHehe,2507
Pog,2504
PAGGING,2499
WeirdMan,2478
Smadge,2472
Salute,2431
YAAAY,2373
korlana,2362
monkerS,2321
THIS,2304
Smartge,2302
truckguy43,2299
SWOONER,2280
Prayge,2260
Comfi,2259
sobW,2162
Copege,2153
catAsk,2151
Crungo,2090
FeelsWeakMan,2086
catKISS,2079
Lifee,2066
Hmmmm,2052
reeferSad,2048
YOUCANT,2047
POGGIES,2046
Donki,2012
Okayge,2006
LULW,1998
lulWut,1936
peepoTeeth,1935
LookUp,1930
$gn,1915
elephanteW,1898
Waiting,1864
widemonkaGIGAftRobertDowneyJr,1818
FeelsDonkMan,1760
Chadge,1758
PauseChampo,1694
Nerdge,1692
PepoThink,1658
soggy,1647
PagChomp,1596
peepoBlush,1566
Patient,1553
donkHappy,1543
BogU,1533
pagPause,1528
Looking,1526
scrajj,1525
eating,1523
NoNo,1515
BreakItDown,1515
BugWait,1482
peepoBaba,1470
WeirdChamp,1462
Tasty,1452
peepoScheme,1436
WhatChamp,1431
catSigh,1417
peepoSmiley,1405
pepeNarutoRun,1402
CatStare,1388
guraWave,1382
Oldge,1367
peepoSmilegun,1350
WHAT,1344
Smile,1338
donkShy,1337
Shrug,1314
BAAAAAAAAAAAAAAAAAAAAAAAAAAAAAAAAAAAAAT,1313
pepeWOW,1259
donkFlower,1246
WUH,1226
CONFUSED,1214
Okay,1210
SHRUGGERS,1209
peepoBlushShake,1198
DonkBonks,1190
bored,1173
peepoBlushCap,1166
huh,1166
maaaaan,1159
BasedDepartment,1159
peepoFine,1151
peepoCheering,1144
pepeLaugh,1143
peepoBlushy,1135
angy,1125
Cyring,1123
peepoClap,1119
Scared,1112
tuckk,1066
pizza,1047
BearHug,1045
MAJ,1038
donkEZ,1033
catYep,1030
peepoS,1029
ICANNOT,1015
Derek,1015
pepeP,1009
verySadge,984
pepoWow,982
ReallyMad,971
PagBounce,957
hmmCat,953
RAGEY,949
donkSad,948
OkayChamp,947
Andy,942
SadCat,939
Tuck,929
PoggersChamp,924
donkJam,902
BRUH,884
ROFLMAO,884
DonkChat,880
NOWAY,873
KEKWalk,868
3Heading,862
PANIC,849
HEHE,849
Yo,842
peepoFucked,841
KazLife,826
FUMING,823
POOTERS,812
HYPE,811
peepoGeeked,793
peepoHappier,792
peepoExcite,786
Buhh,783
NOOOOO,778
KEKYou,778
luh,771
peepositticookie,765
AAAAAA,761
Pensivege,759
RIPBOZO,757
daphLeave,757
Sadeg,755
peepoSleepy,747
Crode,743
SUSSY,740
$afk,724
ItalianHands,723
Homi,715
donkBlush,713
ppSit,711
:0,708
yesh,706
copiumOD,702
DonkCry,697
borpaHalt,693
peepoGlad,690
Crungoge,686
Kith,684
HmmYes,682
Pivo,677
Dog,674
ppPoof,672
Barry,662
Gladgers,661
borpaSpin,655
gettingjiggywithit,653
peepoPensiveLookIntoCoffee,651
CatPeek,645
TheVoices,638
stopbeingMean,634
aaaa,634
CinnamonRollCat,632
peepoEyeroll,629
suss,627
Robert,625
Crusge,623
horsus,623
heCrazy,622
hehe,619
Jamgie,613
lunaStare,606
meow,604
peepoPopcorn,604
MikePensive,600
Despairge,600
HmmToilet,599
GAMING,598
donkArrive,596
DonkiCozy,588
OuttaPocket,585
$truck,585
EEPY,580
NAHHH,577
DANKIES,577
goober,575
Nerd,574
donkHey,571
KEEEEEEEEEEEEEEEEEK,570
Sadgeing,567
ELCLASSICO,563
HUHH,561
henlo,558
HUH,556
donkNaked,553
breakfast,553
guh,551
plink,551
Heyge,550
tuh,547
FlushedDonk,546
Despairgi,544
dankHug,542
Flirt,542
Latege,539
MODS,538
oooOOO,529
awoo,528
Sitti,528
ApuCry,525
WHAAAT,524
MorningRoutine,524
CHLO,523
frfr,520
muh,518
OkaygaCry,513
duh,505
crungoaware,504
DeadassPosting,503
catScream,503
BearKiss,501
heEating,499
BytesMood,495
KEKLAUGH,492
DANKHACKERMANS,489
veryCat,484
PokiKiss,471
crunch,471
ChugSad,470
StickBug,469
mibuki,468
OMEGAKEKWSHORTING,462
Okayeg,458
zuh,454
wave,452
catJAM,449
sealWaiting,448
uuh,446
pepoJS,445
Kissadonk,444
fishNod,442
wut,437
JAJAJAJA,430
plinkwokege,428
koroneDetective,427
HOPIUM,427
NAILSING,423
MEGALUL,421
tuttergulp,419
MUGA,417
KEKWiggle,415
NightRoutine,412
$cf,407
CopeKEK,407
ppWalk,407
MODDING,405
baseg,404
KEKWaddle,403
LICKA,403
ALOO,401
Nyehehehe,400
VIBE,400
peepoUgh,397
EWWW,397
dankCrayon,392
criticalThinking,391
PepeSpit,390
zooted,387
AfternoonRoutine,386
okayL,380
Lounging,380
helo,380
RUBY,379
DonkCrayon,377
DooooooooogLookingSussyAndCute,376
DonkQueen,373
DonkAngry,371
OMEGALULiguess,371
Corpa,371
CrungoSmileGun,371
MrChedda,367
Georgia,367
elisDancing,366
sillycatdance,366
TutterDance,366
YOUCANNOT,362
PausersHype,361
lookDown,360
vuh,359
monkaGIGAftPokimane,358
hmmMeeting,350
noitsTrue,350
Sussy,349
BunnyCuddles,349
daphArrive,348
AAAAA,348
fnaf,347
KEKWS,346
Yuck,343
emoteDepartment,337
Crumpy,334
Scoots,328
peepoSip,328
GetStickBuggedLol,328
CatAHomie,325
NAHWTF,324
DOYOUFEELTHEWEIGHTOFYOURSINSDOESITHURTDOESGODSJUDGEMENTFILLYOUWITHGUILTTORMENTTHEYRECOMINGTHEYRECOMI,323
CrungoCracked,323
BLANKIES,323
daphHey,320
puh,318
dankTasty,315
plinkbedge,313
peepoWow,313
YourMom,312
PLEASE,312
GOCRAZY,310
peepoSitStarege,306
Cryge,304
SNIFFA,301
Lovegers,301
idiot,300
catWEEEE,296
dumbass,289
fuh,288
buhhnana,287
catJump,286
Pointless,284
DogLookingSussyAndSciency,283
Sludge,283
suh,281
miyuki,279
ahmadmuhsin,278
GoodGirl,272
owoslay,272
woahhh,270
peepoTrans,270
Based,268
Binoculous,265
DIESOFCRINGE,265
Buhhloon,265
peepoKiss,264
popCat,263
pepeGrin,262
Dentge,256
IsForPepe,255
politeCat,255
pensiveJam,255
CAUGHT,254
Homee,251
widepeepoHappyU,251
imNOTcrying,250
GAMBA,248
owoxdd,246
Deadge,246
CokeShakey,244
PagManU,244
madcat,243
pleep,242
HMPH,241
MmmHmm,240
WAKEUP,238
pL,236
VietNaMeseManWavingHisGun,235
LOL,235
Learning,234
sealSad,234
HOLYMOLY,234
ppStand,234
catPunch,232
Suspicious,232
kazwetfartping,232
eepy,229
CatSit,229
GoodMorning,228
mee,227
WAAAA,226
OI,224
chloCheck,221
hihi,221
FeelsGladMan,221
Patrickgasm,221
frankNOPERS,220
SCATTER,219
AINTNOWAY,219
POGGAROO,218
DIEEE,217
soupchamp,217
FUCKYOU,216
nowoy,215
wideshortlegscatMunchkinveryfunnyshortcat,213
Suuure,212
eeeping,210
Cozi,208
fortnite,207
mibukiofficecat,207
kuh,205
waterTime,204
CatCozy,204
hihowareya,204
bidenL,202
Cheems,202
HUHHH,202
peepoEvil,201
DIDSOMEONESAYCHEESE,200
Aloo,198
catWait,198
peepoSitGamer,196
shush,194
AlienPlsMX,194
byeee,193
kendrickPls,192
VeryPog,188
catSlap,188
BedgeJam,187
plunk,185
notOkay,184
rodentge,184
auh,183
KEKWhat,183
LUBBERS,181
Watching,181
RobertHonkShoo,181
DonkReading,180
KoroneShake,179
billyBike,178
TOPXI,177
nuh,177
NotLikeDonk,176
juh,176
smHead,174
guhh,174
tutterJAM,171
UHHHHH,171
ppSleep,170
quh,170
LunaWeird,170
Sadding,170
CrungoSmileWave,169
Gregory,167
Birdge,166
StoryTime,165
CatO,164
donkPraise,164
plink-182,163
CatAwoken,163
cuh,162
OKAJ,160
BMODance,159
TookANap,158
soop,158
CatLeave,156
MusicMakeYouLoseControl,156
BLEHHHH,156
Hola,156
ruh,156
peepoTeef,155
CorpaFish,154
peepoAain,154
DinkDowonk,153
korla,153
BOBER,151
hamsterPwease,150
KEKebab,149
peepoTalk,148
CrungoShy,148
IDontCareIJustWannaSleep,147
FishJam,147
tutterToilet,147
waa,145
Considering,145
Suskayge,143
Weirdgo,142
WeirdManDude,142
shocked,140
CatClown,140
Perritos,139
xdd,139
GIGACAUGHT,138
GotCaughtTrolling,137
BedgeHehe,137
pensiveB,136
letmesee,136
FishSneak,136
catGroove,135
BoobaCheck,135
MyExistenceIsNothingButAGrainOfSandComparedToTheEntireScaleOfTheUniverse,135
PogYou,134
penguinRun,133
peepoScared,133
JOTCHUA,133
BirdgeStare,133
sealCatSlap,133
wowo,132
mewing,131
euh,131
YOUWHAT,130
Buhhrger,129
snide,129
wtff,128
BatLove,128
Jigglin,127
NoThanks,127
peepoHas,124
FishSmoke,123
koalasnide,122
Bagel,122
natL,121
Transge,121
peepoDrip,120
WetCat,120
AlienPls0,119
OFFLINECHAT,119
AlienTechno,118
kirbyBounce,118
YAWN,117
iuh,115
notAlright,114
fishArrive,113
PatrickCough,113
buhhirthday,112
pedro,112
lounging,112
Prayy,111
Mhmm,111
Eating,111
plinkVibe,110
dogWalk,110
oopsie,109
keking,109
Crungocry,109
DANTIES,109
eepingwithacarrot,109
glorp,107
ishouldbuyaboat,107
ight,107
ouh,106
Offline,106
buhShakey,106
okak,106
licking,105
eepington,105
CokeTime,104
Blush,104
STOPP,103
peepoPats,103
dabmeup,103
hellochat,102
tutterWait,102
peepoSick,102
spinning,102
tutterScared,102
moo,102
:33,102
ZOOTED,101
owojam,101
gooned,100
pepeSmoke,99
ReallyDead,98
waat,98
OFFLINECHAT2,97
Timeout,97
mayoHands,97
WhenEveryoneElseIsAchievingSomethingInTheirLifeButYouJustSitInYourRoomAllDayBeingABurdenOnSociety,96
owo,96
Bananacatrun,96
owoSpin,96
RacoonEatsGreenGrapes,95
catAnnoyed,95
CatSpin,95
clappi,95
JakeDance,94
raccoonWeee,94
peepoBusiness,93
Wha,93
coool,92
peepoSummer,92
owoCheer,92
hypercatJump,91
cmonMan,91
koalaYawn,91
SickBug,89
YesHoney,89
CrungoSmileSnek,89
GaryComeHome,88
BASEDTOO,88
dumbassbitchidiot,87
gwify,87
Evilowo,86
JOSE,86
chickenWalk,85
letmesleep,84
cokebert,83
weebsoutnammybeloved,82
zazabert,82
Totoro,81
FROG,81
MISINFO,81
LIGMABALLSftRobertDowneyJr,81
widevuh,81
poroPls,81
nowoted,81
Motorbikegi,81
donkTowel,81
Phonge,80
didsomeonesaycrungosmile,80
Fwiend,80
ITSCOMING,80
HORSING,80
NOIDONTTHINKSO,80
FlowerCatJAM,79
CATEXPLODE,79
BOOM,79
bunEatrice,79
pokiEars,79
re,79
Batoning,78
dipshit,78
bla,78
sealHappy,77
wot,77
ModerationTeam,77
milkCat,77
BLUBBIES,77
catsus,76
DORIME,76
RatDance,76
PoroRoast,76
Chillin,76
ButterDogLookingSussyAndCute,75
KEKSpin,75
tutterbye,74
wrrr,74
COOKED,73
FishDrinkingBeer,73
Bruhgi,72
Buhhpies,72
pepeS,71
Gludge,71
NotALOO,71
BillStream,71
wtfwtfwtf,71
CatYap,70
peepoHappyUFishermon,70
donkTalk,70
beAlright,70
fishLeave,69
NotVeryDonkL,69
owonerd,69
buhhcool,68
ratJAM,68
TutterG,68
DIDSOMEONESAYLINUX,67
CatDriving,67
tutterD,66
peepotoiletflower,66
CatTime,65
finnDance,64
SLURP,64
owosad,64
sealThink,64
CozyTime,64
CATchingYou,64
TwoOfThem,63
RAGE,63
catBirthday,62
peepoShower,62
lipbite,62
bidenArrive,62
CreepyChamp,61
chefsKiss,61
catStrut,61
itstimetoplaythegame,61
Cinema,61
ohno,60
mcfries,60
Tungo,59
MineBlockW0,59
Fog0,59
dogL,59
TA,59
xd,59
facecam,59
patty,58
SealSilly,57
sealYAP,57
CATTING,57
squidwardSad,57
peepoPancakeBike,57
truckgirl43,56
MDONKY,56
AWAWA,56
OhShitARat,55
BUSINESS,55
iaintreadingthat,55
miniErm,55
kiwiScreech,54
Buggin,54
bruhbruh,54
coffeePain,54
xddd,54
amore,54
GoToBed,53
alowo,53
BOGGED,53
fatasswizardtryingtocastaspellonyou,52
LOCKEDIN,52
birdsus,51
Dappa,51
omgHi,51
owocomfy,51
WHATASHAME,50
KazLifeAtWork,50
peepoFlower,50
LIZUN,50
waaaaa,50
yoink,48
IcedCoffeeTime,48
RunningFish,48
BOOBAPEEK,47
glorpNotL,47
SmugCat,47
WooYeah,46
CrungoSmileCool,46
ponyoArrive,46
Nessie,45
otag,45
OOOO,45
blusherChef,44
moodengEat,44
AWOOGA,44
tutterTantrum,44
MonkeyHmmm,44
Buhbbles,43
BiggieCheese,43
GuysPlease,43
CrungoBirthday,43
mustardHands,43
Ahmetmuh,43
kittenBite,42
Listening,42
Cringo,42
Aloowo,41
LipBite,41
HandsUp,41
fadedthanaho,41
Peace,41
BASEDCIGAR,40
Hellowo,40
frfrfr,40
HateChatting,40
TTrump,39
frogPls,38
chatPls,38
OMEGADANCEBUTFASTftRobertDowneyJr,38
howody,38
KEYS,38
woowoo,38
Whoopsie,37
OFFLINECHAT3,37
firewriting,37
LEEKW,37
blushing,37
POLICE,36
peepoItalian,36
peepoSitMad,36
fishBreakfast,35
tutterArrive,35
RhythmOfTheNight,35
BernSure,35
cheerge,35
CatBite,34
miyav,34
0-0,34
tuuh,34
unxdd,33
peepoFood,33
mooDengAAAAAAAAH,33
CrungoSmileCozy,32
mikeDab,32
peepoDISCORDMOD,32
crungoSnug,31
miau,31
CATBEDOINGTHEDISHES,30
ppSoup,30
NotLookingAtBooba,30
NOTREADINGALLAT,29
sealHop,29
owoL,29
TUH,29
pepeSenora,29
Smoge,28
xddank,28
LOGGERS,27
PeepoTrippy,27
PatrickSour,27
sealSAX,27
handshake,26
PISSED,26
Okudge,26
soupTime,26
ohAngry,26
KINO,26
RaccCalc,26
GoodMorningCat,25
BatBoy,25
AYOOO,25
YUMMERS,25
GAPride,24
uuhhguasdhasdhghuuuuhuubu,24
Battal,24
ppLsleep,24
BUHHLOO,23
Borba,23
CatMunch,23
catDance,23
NowWot,22
ROACH,22
mooBaby,22
WhatTaahFuck,22
catVIBE,22
raaarrr,22
catJiggleJam,21
JUDGE,21
Glerm,21
kittyJam,21
mikeJam,21
ABOBA,21
ANYMOOERS,20
peepoFireworks,20
owlSweeming,20
Joel,20
cowJAM,20
wah,20
blalalala,19
plonk,19
BAAAAAAAAAAA,19
owotalk,18
notveryowo,18
BYRON,18
CmereIWannaKissYou,18
owoshy,17
FromKazToAndy,17
noWanna,17
RIZZ,17
AndyL,17
dickhead,17
Despair,17
PogMe,17
glorpCozy,16
sealArrive,16
kiwiKrazy,16
Cooking,16
ScareHippo,15
peepoMeow,14
PivoLife,14
ToyotaHilux2024QuatroPortasDieselCambioAutomatico4x4,14
YoCheers,14
CONSIDERING,13
catRaid,13
donkGeo,12
StickBug2,12
NotLikeUs,12
FLAPPERS,12
EIDDIES,12
truckgirl44,11
mlem,11
catears,11
nowono,11
mooAttack,11
DankChef,11
CUBE,11
mauw,11
AlienDefault,11
plenk,11
Hoot,11
mooFast,11
SUSPEKT,10
poutt,10
blop,10
jah,10
banjoCat,10
))))),10
SadgeJam,9
glorpa,9
DrPepperTime,9
CatTime3,9
mooScared,9
MAKEITSTOP,8
borpaBuff,8
plank,8
sealDance,8
dudee,8
Burpa,8
mooKiss,8
JA,8
GSD,7
widepeepoJad,6
cleann,6
literallyMe,6
lizardPls,6
xddGriffin,6
chickenTenders,6
BONED,6
STOPFIGHTINGwidest,6
VitoJam,6
Taa1984,5
OlDickTwist,5
hoo,5
PagManticore,5
NEIN,4
BURPERS,4
jlorp,4
peepoSweat,4
glorpBlicky,4
BaconSandwich,4
Pizzagers,3
ono,3
SnackTime,3
DESKCHAN,3
shesperfect,3
tomatoTime,2
FeelsGerMan,2
Klassiker,2
FanTime,2
JohnMadden,1
childsize,1
